sample_id	gsm	subject	dataset	axis	condition	case_control_role	platform	platform_gpl	cell_subtype
1_GS0373_PBMC_Deng1	GSM5385172	1_GS0373_PBMC_Deng1	GSE178240	leakage	D+W	case	HiSeq2500	GPL16791	PBMC
1_GS0392_PBMC_Deng1	GSM5385173	1_GS0392_PBMC_Deng1	GSE178240	leakage	D-W	control	HiSeq2500	GPL16791	PBMC
1_GS0393_PBMC_Deng1	GSM5385174	1_GS0393_PBMC_Deng1	GSE178240	leakage	D-W	control	HiSeq2500	GPL16791	PBMC
1_GS0406_PBMC_Deng1	GSM5385175	1_GS0406_PBMC_Deng1	GSE178240	leakage	D-W	control	HiSeq2500	GPL16791	PBMC
1_GS0530_PBMC_Deng1	GSM5385176	1_GS0530_PBMC_Deng1	GSE178240	leakage	D-W	control	HiSeq2500	GPL16791	PBMC
1_GS0326_PBMC_Deng1	GSM5385177	1_GS0326_PBMC_Deng1	GSE178240	leakage	D-W	control	HiSeq2500	GPL16791	PBMC
1_GS0336_PBMC_Deng1	GSM5385178	1_GS0336_PBMC_Deng1	GSE178240	leakage	D+W	case	HiSeq2500	GPL16791	PBMC
1_GS0337_PBMC_Deng1	GSM5385179	1_GS0337_PBMC_Deng1	GSE178240	leakage	D+W	case	HiSeq2500	GPL16791	PBMC
1_GS0351_PBMC_Deng1	GSM5385180	1_GS0351_PBMC_Deng1	GSE178240	leakage	D+W	case	HiSeq2500	GPL16791	PBMC
1_GS0475_PBMC_Deng1	GSM5385181	1_GS0475_PBMC_Deng1	GSE178240	leakage	D-W	control	HiSeq2500	GPL16791	PBMC
2_GS0497_PBMC_Deng1	GSM5385182	2_GS0497_PBMC_Deng1	GSE178240	leakage	D+W	case	HiSeq2500	GPL16791	PBMC
2_GS0366_PBMC_Deng1	GSM5385183	2_GS0366_PBMC_Deng1	GSE178240	leakage	D+W	case	HiSeq2500	GPL16791	PBMC
2_GS0382_PBMC_Deng1	GSM5385184	2_GS0382_PBMC_Deng1	GSE178240	leakage	D+W	case	HiSeq2500	GPL16791	PBMC
2_GS0445_PBMC_Deng1	GSM5385185	2_GS0445_PBMC_Deng1	GSE178240	leakage	D+W	case	HiSeq2500	GPL16791	PBMC
2_GS0510_PBMC_Deng1	GSM5385186	2_GS0510_PBMC_Deng1	GSE178240	leakage	D+W	case	HiSeq2500	GPL16791	PBMC
2_GS0388_PBMC_Deng1	GSM5385187	2_GS0388_PBMC_Deng1	GSE178240	leakage	D+W	case	HiSeq2500	GPL16791	PBMC
2_GS0330_PBMC_Deng1	GSM5385188	2_GS0330_PBMC_Deng1	GSE178240	leakage	D+W	case	HiSeq2500	GPL16791	PBMC
2_GS0478_PBMC_Deng1	GSM5385189	2_GS0478_PBMC_Deng1	GSE178240	leakage	D+W	case	HiSeq2500	GPL16791	PBMC
2_GS0489_PBMC_Deng1	GSM5385190	2_GS0489_PBMC_Deng1	GSE178240	leakage	D+W	case	HiSeq2500	GPL16791	PBMC
2_GS0603_PBMC_Deng1	GSM5385191	2_GS0603_PBMC_Deng1	GSE178240	leakage	D+W	case	HiSeq2500	GPL16791	PBMC
3_GS0502_PBMC_Deng1	GSM5385192	3_GS0502_PBMC_Deng1	GSE178240	leakage	D+W	case	HiSeq2500	GPL16791	PBMC
3_GS0386_PBMC_Deng1	GSM5385193	3_GS0386_PBMC_Deng1	GSE178240	leakage	D+W	case	HiSeq2500	GPL16791	PBMC
3_GS0324_PBMC_Deng1	GSM5385194	3_GS0324_PBMC_Deng1	GSE178240	leakage	D-W	control	HiSeq2500	GPL16791	PBMC
3_GS0365_PBMC_Deng1	GSM5385195	3_GS0365_PBMC_Deng1	GSE178240	leakage	D-W	control	HiSeq2500	GPL16791	PBMC
3_GS0284_PBMC_Deng1	GSM5385196	3_GS0284_PBMC_Deng1	GSE178240	leakage	D-W	control	HiSeq2500	GPL16791	PBMC
3_GS0372_PBMC_Deng1	GSM5385197	3_GS0372_PBMC_Deng1	GSE178240	leakage	D+W	case	HiSeq2500	GPL16791	PBMC
3_GS0287_PBMC_Deng1	GSM5385198	3_GS0287_PBMC_Deng1	GSE178240	leakage	D+W	case	HiSeq2500	GPL16791	PBMC
3_GS0297_PBMC_Deng1	GSM5385199	3_GS0297_PBMC_Deng1	GSE178240	leakage	D-W	control	HiSeq2500	GPL16791	PBMC
3_GS0300_PBMC_Deng1	GSM5385200	3_GS0300_PBMC_Deng1	GSE178240	leakage	D+W	case	HiSeq2500	GPL16791	PBMC
3_GS0390_PBMC_Deng1	GSM5385201	3_GS0390_PBMC_Deng1	GSE178240	leakage	D-W	control	HiSeq2500	GPL16791	PBMC
380_1_0288_PBMCs	GSM5385308	380_1_0288_PBMCs	GSE178240	leakage	D-W	control	NovaSeq6000	GPL24676	PBMC
385_1_0291_PBMCs	GSM5385313	385_1_0291_PBMCs	GSE178240	leakage	D-W	control	NovaSeq6000	GPL24676	PBMC
387_1_0296_PBMCs	GSM5385315	387_1_0296_PBMCs	GSE178240	leakage	D-W	control	NovaSeq6000	GPL24676	PBMC
400_1_0612_PBMCs	GSM5385323	400_1_0612_PBMCs	GSE178240	leakage	D-W	control	NovaSeq6000	GPL24676	PBMC
403_4_0614_PBMCs	GSM5385326	403_4_0614_PBMCs	GSE178240	leakage	D+W	case	NovaSeq6000	GPL24676	PBMC
407_4_0632_PBMCs	GSM5385332	407_4_0632_PBMCs	GSE178240	leakage	D+W	case	NovaSeq6000	GPL24676	PBMC
412_4_0818_PBMCs	GSM5385337	412_4_0818_PBMCs	GSE178240	leakage	D+W	case	NovaSeq6000	GPL24676	PBMC
417_4_0843_PBMCs	GSM5385342	417_4_0843_PBMCs	GSE178240	leakage	D+W	case	NovaSeq6000	GPL24676	PBMC
422_4_0850_PBMCs	GSM5385347	422_4_0850_PBMCs	GSE178240	leakage	D+W	case	NovaSeq6000	GPL24676	PBMC
424_4_0860_PBMCs	GSM5385349	424_4_0860_PBMCs	GSE178240	leakage	D+W	case	NovaSeq6000	GPL24676	PBMC
439_4_0985_PBMCs	GSM5385356	439_4_0985_PBMCs	GSE178240	leakage	D+W	case	NovaSeq6000	GPL24676	PBMC
474_1_0304_PBMCs	GSM5385362	474_1_0304_PBMCs	GSE178240	leakage	D-W	control	NovaSeq6000	GPL24676	PBMC
478_1_0315_PBMCs	GSM5385366	478_1_0315_PBMCs	GSE178240	leakage	D-W	control	NovaSeq6000	GPL24676	PBMC
483_1_0321_PBMCs	GSM5385372	483_1_0321_PBMCs	GSE178240	leakage	D-W	control	NovaSeq6000	GPL24676	PBMC
486_1_0322_PBMCs	GSM5385375	486_1_0322_PBMCs	GSE178240	leakage	D-W	control	NovaSeq6000	GPL24676	PBMC
491_1_0328_PBMCs	GSM5385382	491_1_0328_PBMCs	GSE178240	leakage	D-W	control	NovaSeq6000	GPL24676	PBMC
496_1_0336_PBMCs	GSM5385387	496_1_0336_PBMCs	GSE178240	leakage	D+W	case	NovaSeq6000	GPL24676	PBMC
501_1_0340_PBMCs	GSM5385392	501_1_0340_PBMCs	GSE178240	leakage	D-W	control	NovaSeq6000	GPL24676	PBMC
509_4_0389_PBMCs	GSM5385397	509_4_0389_PBMCs	GSE178240	leakage	D+W	case	NovaSeq6000	GPL24676	PBMC
513_4_1035_PBMCs	GSM5385401	513_4_1035_PBMCs	GSE178240	leakage	D+W	case	NovaSeq6000	GPL24676	PBMC
528_4_1086_PBMCs	GSM5385407	528_4_1086_PBMCs	GSE178240	leakage	D+W	case	NovaSeq6000	GPL24676	PBMC
518_4_1099_PBMCs	GSM5385410	518_4_1099_PBMCs	GSE178240	leakage	D+W	case	NovaSeq6000	GPL24676	PBMC
520_4_1128_PBMCs	GSM5385414	520_4_1128_PBMCs	GSE178240	leakage	D+W	case	NovaSeq6000	GPL24676	PBMC
535_4_0572_PBMCs	GSM5385418	535_4_0572_PBMCs	GSE178240	leakage	D-W	control	NovaSeq6000	GPL24676	PBMC
540_4_0578_PBMCs	GSM5385423	540_4_0578_PBMCs	GSE178240	leakage	D-W	control	NovaSeq6000	GPL24676	PBMC
545_4_0579_PBMCs	GSM5385428	545_4_0579_PBMCs	GSE178240	leakage	D+W	case	NovaSeq6000	GPL24676	PBMC
550_4_0591_PBMCs	GSM5385433	550_4_0591_PBMCs	GSE178240	leakage	D+W	case	NovaSeq6000	GPL24676	PBMC
555_4_0595_PBMCs	GSM5385438	555_4_0595_PBMCs	GSE178240	leakage	D+W	case	NovaSeq6000	GPL24676	PBMC
001_GS1674_PBMC	GSM5385443	001_GS1674	GSE178240	leakage	D-W	control	NovaSeq6000	GPL24676	PBMC
006_GS1698_PBMC	GSM5385448	006_GS1698	GSE178240	leakage	D-W	control	NovaSeq6000	GPL24676	PBMC
011_GS1723_PBMC	GSM5385453	011_GS1723	GSE178240	leakage	D-W	control	NovaSeq6000	GPL24676	PBMC
016_GS1763_PBMC	GSM5385457	016_GS1763	GSE178240	leakage	D-W	control	NovaSeq6000	GPL24676	PBMC
021_GS1841_PBMC	GSM5385462	021_GS1841	GSE178240	leakage	D+W	case	NovaSeq6000	GPL24676	PBMC
026_GS1844_PBMC	GSM5385467	026_GS1844	GSE178240	leakage	D-W	control	NovaSeq6000	GPL24676	PBMC
031_GS1866_PBMC	GSM5385471	031_GS1866	GSE178240	leakage	D-W	control	NovaSeq6000	GPL24676	PBMC
036_GS1904_PBMC	GSM5385476	036_GS1904	GSE178240	leakage	D+W	case	NovaSeq6000	GPL24676	PBMC
041_GS1514_PBMC	GSM5385481	041_GS1514	GSE178240	leakage	D+W	case	NovaSeq6000	GPL24676	PBMC
046_GS1676_PBMC	GSM5385485	046_GS1676	GSE178240	leakage	D-W	control	NovaSeq6000	GPL24676	PBMC
051_GS2114_PBMC	GSM5385490	051_GS2114	GSE178240	leakage	D+W	case	NovaSeq6000	GPL24676	PBMC
056_GS2134_PBMC	GSM5385495	056_GS2134	GSE178240	leakage	D+W	case	NovaSeq6000	GPL24676	PBMC
061_GS1796_PBMC	GSM5385500	061_GS1796	GSE178240	leakage	D+W	case	NovaSeq6000	GPL24676	PBMC
066_GS1817_PBMC	GSM5385505	066_GS1817	GSE178240	leakage	D+W	case	NovaSeq6000	GPL24676	PBMC
071_GS1830_PBMC	GSM5385509	071_GS1830	GSE178240	leakage	D+W	case	NovaSeq6000	GPL24676	PBMC
076_GS1850_PBMC	GSM5385514	076_GS1850	GSE178240	leakage	D+W	case	NovaSeq6000	GPL24676	PBMC
080_GS1867_PBMC	GSM5385518	080_GS1867	GSE178240	leakage	D+W	case	NovaSeq6000	GPL24676	PBMC
085_GS1869_PBMC	GSM5385523	085_GS1869	GSE178240	leakage	D+W	case	NovaSeq6000	GPL24676	PBMC
090_GS1467_PBMC	GSM5385528	090_GS1467	GSE178240	leakage	D+W	case	NovaSeq6000	GPL24676	PBMC
095_GS1798_PBMC	GSM5385533	095_GS1798	GSE178240	leakage	D+W	case	NovaSeq6000	GPL24676	PBMC
100_GS1845_PBMC	GSM5385538	100_GS1845	GSE178240	leakage	D+W	case	NovaSeq6000	GPL24676	PBMC
105_GS2137_PBMC	GSM5385543	105_GS2137	GSE178240	leakage	D+W	case	NovaSeq6000	GPL24676	PBMC
115_GS1641_PBMC	GSM5385552	115_GS1641	GSE178240	leakage	D-W	control	NovaSeq6000	GPL24676	PBMC
120_GS1737_PBMC	GSM5385557	120_GS1737	GSE178240	leakage	D-W	control	NovaSeq6000	GPL24676	PBMC
125_GS1795_PBMC	GSM5385562	125_GS1795	GSE178240	leakage	D-W	control	NovaSeq6000	GPL24676	PBMC
130_GS0330_PBMC	GSM5385567	130_GS0330	GSE178240	leakage	D+W	case	NovaSeq6000	GPL24676	PBMC
135_GS0611_PBMC	GSM5385572	135_GS0611	GSE178240	leakage	D+W	case	NovaSeq6000	GPL24676	PBMC
140_GS0635_PBMC	GSM5385576	140_GS0635	GSE178240	leakage	D+W	case	NovaSeq6000	GPL24676	PBMC
145_GS0638_PBMC	GSM5385581	145_GS0638	GSE178240	leakage	D+W	case	NovaSeq6000	GPL24676	PBMC
JKT-12_DF		JKT-12_DF	GSE215835	severity	DF	control	single	single	PBMC
JKT-13_DF		JKT-13_DF	GSE215835	severity	DF	control	single	single	PBMC
JKT-21_DF		JKT-21_DF	GSE215835	severity	DF	control	single	single	PBMC
JKT-26_DF		JKT-26_DF	GSE215835	severity	DF	control	single	single	PBMC
JKT-27_DF		JKT-27_DF	GSE215835	severity	DF	control	single	single	PBMC
JKT-20_DHF		JKT-20_DHF	GSE215835	severity	DHF	case	single	single	PBMC
JKT-22_DHF		JKT-22_DHF	GSE215835	severity	DHF	case	single	single	PBMC
JKT-30_DHF		JKT-30_DHF	GSE215835	severity	DHF	case	single	single	PBMC
JKT-31_DHF		JKT-31_DHF	GSE215835	severity	DHF	case	single	single	PBMC
JKT-32_DHF		JKT-32_DHF	GSE215835	severity	DHF	case	single	single	PBMC
JKT-33_DHF		JKT-33_DHF	GSE215835	severity	DHF	case	single	single	PBMC
