stringId_A	stringId_B	preferredName_A	preferredName_B	ncbiTaxonId	score	nscore	fscore	pscore	ascore	escore	dscore	tscore
9606.ENSP00000233057	9606.ENSP00000354394	EIF2AK2	STAT1	9606	0.995	0	0	0	0.7	0.803	0.8	0.679
9606.ENSP00000353512	9606.ENSP00000354394	PARP9	STAT1	9606	0.984	0	0	0	0.86	0.802	0.0	0.472
9606.ENSP00000359787	9606.ENSP00000360876	IFI44L	IFIT3	9606	0.976	0	0	0	0.91	0.0	0.0	0.747
9606.ENSP00000354394	9606.ENSP00000360876	STAT1	IFIT3	9606	0.973	0	0	0	0.716	0.27	0.5	0.772
9606.ENSP00000360876	9606.ENSP00000497271	IFIT3	IFIH1	9606	0.944	0	0	0	0.848	0.0	0.0	0.649
9606.ENSP00000233057	9606.ENSP00000360876	EIF2AK2	IFIT3	9606	0.934	0	0	0	0.736	0.116	0.5	0.508
9606.ENSP00000233057	9606.ENSP00000497271	EIF2AK2	IFIH1	9606	0.93	0	0	0	0.666	0.0	0.0	0.8
9606.ENSP00000354394	9606.ENSP00000497271	STAT1	IFIH1	9606	0.93	0	0	0	0.748	0.0	0.0	0.736
9606.ENSP00000359787	9606.ENSP00000497271	IFI44L	IFIH1	9606	0.917	0	0	0	0.824	0.0	0.0	0.549
9606.ENSP00000353512	9606.ENSP00000497271	PARP9	IFIH1	9606	0.916	0	0	0	0.864	0.0	0.0	0.412
9606.ENSP00000233057	9606.ENSP00000359787	EIF2AK2	IFI44L	9606	0.899	0	0	0	0.834	0.0	0.0	0.418
9606.ENSP00000353512	9606.ENSP00000360876	PARP9	IFIT3	9606	0.887	0	0	0	0.789	0.071	0.0	0.47
9606.ENSP00000353512	9606.ENSP00000359787	PARP9	IFI44L	9606	0.87	0	0	0	0.712	0.0	0.0	0.57
9606.ENSP00000354394	9606.ENSP00000359787	STAT1	IFI44L	9606	0.843	0	0	0	0.674	0.0	0.0	0.54
9606.ENSP00000233057	9606.ENSP00000353512	EIF2AK2	PARP9	9606	0.805	0	0	0	0.575	0.092	0.0	0.536
9606.ENSP00000239938	9606.ENSP00000354394	EGR1	STAT1	9606	0.745	0	0	0	0.0	0.069	0.5	0.498
