gene	rank
SNRPGP10	1
AC004057.1	2
CD70	3
PDCD1	4
PARP9	5
PARP8	6
STAT1	7
GNAL	8
CD2AP	9
YES1	10
ZNF117	11
ABCA1	12
SNHG19	13
SMCHD1	14
CEACAM1	15
WDFY1	16
SAMD9	17
RP11-212P7.1	18
CTD-3035D6.1	19
NBN	20
PHACTR1	21
FAUP1	22
BLZF1	23
BTN3A2	24
IFI44L	25
PRDM5	26
EGR1	27
CTD-2267D19.1	28
NUB1	29
RP11-439A17.9	30
RP4-644F6.4	31
BIRC3	32
CTB-63M22.1	33
RP11-175B9.3	34
NME2P1	35
IFIH1	36
PLS3	37
IFIT3	38
TMSB10P1	39
RBM11	40
CCDC146	41
ALMS1P1	42
CTD-2031P19.4	43
MIR9-3HG	44
EIF2AK2	45
SERPINB9P1	46
ZNF429	47
MYO6	48
AC079250.1	49
AC016739.2	50
