rank	gene
1	SNRPGP10
2	AC004057.1
3	CD70
4	PDCD1
5	PARP9
6	PARP8
7	STAT1
8	GNAL
9	CD2AP
10	YES1
11	ZNF117
12	ABCA1
13	SNHG19
14	SMCHD1
15	CEACAM1
16	WDFY1
17	SAMD9
18	RP11-212P7.1
19	CTD-3035D6.1
20	NBN
21	PHACTR1
22	FAUP1
23	BLZF1
24	BTN3A2
25	IFI44L
26	PRDM5
27	EGR1
28	CTD-2267D19.1
29	NUB1
30	RP11-439A17.9
31	RP4-644F6.4
32	BIRC3
33	CTB-63M22.1
34	RP11-175B9.3
35	NME2P1
36	IFIH1
37	PLS3
38	IFIT3
39	TMSB10P1
40	RBM11
41	CCDC146
42	ALMS1P1
43	CTD-2031P19.4
44	MIR9-3HG
45	EIF2AK2
46	SERPINB9P1
47	ZNF429
48	MYO6
49	AC079250.1
50	AC016739.2
