axis	n_estimators	oob_error_mean	oob_error_sd	oob_error_se	oob_error_min	oob_error_max	oob_accuracy_mean	seconds	recommended	parsimonious	oob_resolution
severity	100	0.41818	0.04695	0.01485	0.36364	0.45455	0.58182	0.9	False	False	0.09091
severity	200	0.40909	0.04791	0.01515	0.36364	0.45455	0.59091	1.7	False	True	0.09091
severity	300	0.4	0.04695	0.01485	0.36364	0.45455	0.6	2.6	True	False	0.09091
severity	500	0.42727	0.04391	0.01389	0.36364	0.45455	0.57273	4.3	False	False	0.09091
severity	750	0.40909	0.04791	0.01515	0.36364	0.45455	0.59091	6.5	False	False	0.09091
severity	1000	0.41818	0.04695	0.01485	0.36364	0.45455	0.58182	8.6	False	False	0.09091
severity	1500	0.41818	0.04695	0.01485	0.36364	0.45455	0.58182	12.9	False	False	0.09091
severity	2000	0.43636	0.03833	0.01212	0.36364	0.45455	0.56364	17.3	False	False	0.09091
leakage	100	0.34737	0.04808	0.0152	0.2807	0.42105	0.65263	0.9	False	False	0.01754
leakage	200	0.31579	0.02615	0.00827	0.2807	0.36842	0.68421	1.9	False	False	0.01754
leakage	300	0.30351	0.02871	0.00908	0.26316	0.36842	0.69649	2.7	False	True	0.01754
leakage	500	0.3	0.01745	0.00552	0.26316	0.31579	0.7	4.5	True	False	0.01754
leakage	750	0.30175	0.0074	0.00234	0.29825	0.31579	0.69825	6.7	False	False	0.01754
leakage	1000	0.3	0.01745	0.00552	0.26316	0.33333	0.7	8.9	False	False	0.01754
leakage	1500	0.30351	0.02196	0.00694	0.26316	0.33333	0.69649	13.4	False	False	0.01754
leakage	2000	0.30702	0.01491	0.00471	0.2807	0.33333	0.69298	17.9	False	False	0.01754
