axis	top_k	is_primary	scheme	n	accuracy	balanced_accuracy	auc	mcc
severity	30	False	LOOCV	11	1.0	1.0	1.0	1.0
severity	50	True	LOOCV	11	1.0	1.0	1.0	1.0
severity	75	False	LOOCV	11	1.0	1.0	1.0	1.0
severity	100	False	LOOCV	11	0.8181818181818182	0.8166666666666667	0.9666666666666668	0.6333333333333333
severity	150	False	LOOCV	11	0.7272727272727273	0.7333333333333334	0.9333333333333333	0.4666666666666667
severity	200	False	LOOCV	11	0.7272727272727273	0.7333333333333334	0.9	0.4666666666666667
leakage	30	False	RepeatedStratified5x10	57	0.8421052631578947	0.8038961038961039	0.925974025974026	0.6719395679161589
leakage	50	True	RepeatedStratified5x10	57	0.8245614035087719	0.7811688311688312	0.9610389610389609	0.6359812151055427
leakage	75	False	RepeatedStratified5x10	57	0.8070175438596491	0.7584415584415585	0.9493506493506493	0.5997077967373972
leakage	100	False	RepeatedStratified5x10	57	0.8245614035087719	0.7811688311688312	0.9467532467532468	0.6359812151055427
leakage	150	False	RepeatedStratified5x10	57	0.8070175438596491	0.7584415584415585	0.9467532467532467	0.5997077967373972
leakage	200	False	RepeatedStratified5x10	57	0.8245614035087719	0.7811688311688312	0.9493506493506493	0.6359812151055427
