gene	rank	gini	perm
SNRPGP10	1	0.007076710586369177	0.0
AC004057.1	2	0.006229827132307436	0.0
CD70	3	0.005807814265298941	0.0
PDCD1	4	0.0056064734798321	0.0
PARP9	5	0.005561537499559091	0.0
PARP8	6	0.005539806813165435	0.0
STAT1	7	0.0054290990208118875	0.0
GNAL	8	0.005342266915071114	0.0
CD2AP	9	0.00534136607483558	0.0
YES1	10	0.0053393608822847214	0.0
ZNF117	11	0.00533086430639684	0.0
ABCA1	12	0.005161822672998625	0.0
SNHG19	13	0.004962273093116394	0.0
SMCHD1	14	0.004942042453218406	0.0
CEACAM1	15	0.004896029768629708	0.0
WDFY1	16	0.004807363845181176	0.0
SAMD9	17	0.004758089979274687	0.0
RP11-212P7.1	18	0.004731846754548823	0.0
CTD-3035D6.1	19	0.0047128021283259075	0.0
NBN	20	0.004672023822884632	0.0
PHACTR1	21	0.004608261692592009	0.0
FAUP1	22	0.004232471250177697	0.0
BLZF1	23	0.004175299629851713	0.0
BTN3A2	24	0.003652402436586853	0.0
IFI44L	25	0.0032927547348090085	0.0
PRDM5	26	0.003224547563882257	0.0
EGR1	27	0.0031580806160088314	0.0
CTD-2267D19.1	28	0.0030155863103922616	0.0
NUB1	29	0.0029787511049401906	0.0
RP11-439A17.9	30	0.0027871267386440995	0.0
RP4-644F6.4	31	0.0027350289823006475	0.0
BIRC3	32	0.0027317363050657468	0.0
CTB-63M22.1	33	0.002717092128764144	0.0
RP11-175B9.3	34	0.002699189265165336	0.0
NME2P1	35	0.0026630957458065713	0.0
IFIH1	36	0.0026579719645958328	0.0
PLS3	37	0.0026365693250432077	0.0
IFIT3	38	0.002555280999517941	0.0
TMSB10P1	39	0.002538246055082938	0.0
RBM11	40	0.0025303024035588954	0.0
CCDC146	41	0.002519791175656363	0.0
ALMS1P1	42	0.002503934697515087	0.0
CTD-2031P19.4	43	0.002467666198859662	0.0
MIR9-3HG	44	0.0024515687211339385	0.0
EIF2AK2	45	0.002446597799632523	0.0
SERPINB9P1	46	0.0024153818862135165	0.0
ZNF429	47	0.0024152319813247735	0.0
MYO6	48	0.0024059528886637136	0.0
AC079250.1	49	0.002402454116256275	0.0
AC016739.2	50	0.0023855143008921814	0.0
