axis	library	term	overlap	pvalue	padj	Combined Score	genes
severity	GO_BP	defense response to symbiont (GO:0140546)	5/124	1.4316168261955225e-05	0.0051341654458464	206.5334955959104	IFIH1;STAT1;EIF2AK2;IFI44L;IFIT3
severity	GO_BP	defense response to virus (GO:0051607)	5/133	2.009458100135608e-05	0.0051341654458464	186.09038791282185	IFIH1;STAT1;EIF2AK2;IFI44L;IFIT3
severity	GO_BP	protein mono-ADP-ribosylation (GO:0140289)	2/12	0.0003978405023918532	0.0367275746780031	650.4975835514635	PARP9;PARP8
severity	GO_BP	lymphocyte mediated immunity (GO:0002449)	2/13	0.00046942457388711873	0.0367275746780031	578.8354329773197	CD70;BTN3A2
severity	GO_BP	regulation of response to interferon-gamma (GO:0060330)	2/14	0.0005467878206419364	0.0367275746780031	520.0114050756229	STAT1;PARP9
severity	GO_BP	cellular response to type I interferon (GO:0071357)	3/65	0.0005757860530510604	0.0367275746780031	152.73849688315843	EGR1;STAT1;IFIT3
severity	GO_BP	type I interferon signaling pathway (GO:0060337)	3/65	0.0005757860530510604	0.0367275746780031	152.73849688315843	EGR1;STAT1;IFIT3
severity	GO_BP	negative regulation of viral process (GO:0048525)	3/70	0.0007152738836628206	0.0367275746780031	137.19544727387992	IFIH1;STAT1;EIF2AK2
severity	GO_BP	positive regulation of double-strand break repair via nonhomologous end joining (GO:2001034)	2/16	0.0007187392304892979	0.0367275746780031	429.45537567816734	SMCHD1;PARP9
severity	GO_BP	T cell mediated immunity (GO:0002456)	2/16	0.0007187392304892979	0.0367275746780031	429.45537567816734	CD70;BTN3A2
severity	GO_BP	adaptive immune response based on somatic recombination of immune receptors built from immunoglobulin superfamily domains (GO:0002460)	2/20	0.0011307590059983	0.0481514876720953	313.0461870363529	CD70;BTN3A2
severity	GO_BP	positive regulation of interferon-alpha production (GO:0032727)	2/20	0.0011307590059983	0.0481514876720953	313.0461870363529	IFIH1;STAT1
warning_sign	KEGG	Fanconi anemia pathway	3/54	0.0003333415993294188	0.0243339367510475	199.39701474295643	POLI;FANCC;FANCE
